Suburb/Town Name,Offence Count
abbeyard,5
abbotsford,14791
aberfeldie,1429
aberfeldy,2
acheron,36
ada,5
adams estate,56
addington,12
adelaide lead,36
agnes,24
aintree,2367
aireys inlet,275
airly,37
airport west,9294
albanvale,3766
albert park,6087
alberton,134
alberton west,48
albion,5029
alexandra,1352
alfredton,5717
allambee,16
allambee reserve,33
allambee south,15
allans flat,42
allansford,489
allendale,32
allestree,50
alma,85
almonds,7
almurta,100
alphington,3122
altona,7465
altona meadows,9631
altona north,11677
alvie,50
amherst,32
amor,2
amphitheatre,131
anakie,344
ancona,45
anderson,51
anglers rest,28
anglesea,1262
annuello,19
antwerp,47
apollo bay,1158
appin,1
appin south,5
apsley,191
ararat,12008
arawata,22
arcadia,121
arcadia south,78
archdale,17
archdale junction,25
archerton,19
archies creek,53
ardeer,3165
ardmona,476
areegra,5
argyle,90
armadale,6134
armstrong,120
armstrong creek,3775
arnold,42
arnold west,7
arthurs creek,139
arthurs seat,295
ascot,913
ascot vale,14357
ashbourne,41
ashburton,5615
ashwood,6400
aspendale,3251
aspendale gardens,1811
athlone,48
attwood,982
aubrey,7
auchmore,8
avalon,875
avenel,722
avoca,752
avon plains,11
avondale heights,4413
avonmore,34
avonsleigh,172
axe creek,124
axedale,276
ayrford,6
bacchus marsh,8976
baddaginnie,245
badger creek,545
bael bael,6
bagshot,145
bagshot north,16
bahgallah,26
bailieston,106
bairnsdale,18338
bakery hill,1284
balaclava,6538
bald hills,45
balintore,7
ballan,2361
ballangeich,23
ballarat central,26779
ballarat east,6155
ballarat north,2448
ballendella,74
balliang,256
balliang east,94
ballyrogan,30
balmattum,93
balmoral,99
balnarring,796
balnarring beach,189
balook,8
balwyn,5496
balwyn north,6232
bamawm,234
bamawm extension,33
bambra,26
bamganie,8
bandiana,371
bangerang,9
bangholme,761
bannerton,77
bannockburn,1431
banyan,4
banyena,11
baranduda,533
barfold,29
baringhup,82
baringhup west,6
barjarg,47
barkers creek,111
barkly,20
barkstead,6
barmah,352
barnadown,26
barnawartha,438
barnawartha north,248
baromi,31
barongarook,115
barongarook west,94
barrabool,46
barrakee,7
barramunga,56
barraport,12
barraport west,1
barrys reef,46
barunah park,16
barunah plains,4
barwidgee,49
barwite,24
barwon downs,32
barwon heads,1660
basalt,7
bass,595
batesford,349
bathumi,18
baw baw,32
baxter,2476
bayindeen,6
bayles,225
baynton,50
bayswater,12396
bayswater north,8414
beaconsfield,4054
beaconsfield upper,629
bealiba,179
bearii,63
bears lagoon,34
beauchamp,10
beaufort,1453
beaumaris,4047
beazleys bridge,7
beeac,152
beech forest,52
beechworth,1585
beenak,25
belgrave,2985
belgrave heights,271
belgrave south,458
bell park,4808
bell post hill,3209
bellarine,139
bellbird creek,19
bellbrae,234
bellbridge,118
bellellen,5
bellfield,1900
bells beach,126
belmont,11412
bemm river,47
bena,154
benalla,12936
benambra,66
benayeo,7
bend of islands,19
bendigo,30246
bendoc,72
bengworden,28
benjeroop,33
benloch,84
bennison,7
bentleigh,9371
bentleigh east,11439
benwerrin,12
beremboke,75
berrimal,6
berringa,77
berringama,10
berriwillock,61
berrybank,63
berrys creek,39
berwick,25594
bessiebelle,42
bet bet,112
bete bolong,19
bete bolong north,1
bethanga,112
betley,31
beulah,271
beverford,197
beveridge,2968
big desert,1
big hill,188
big pats creek,10
biggara,18
bimbourie,4
bindi,12
binginwarri,82
bingo munjie,2
birchip,244
birchip west,2
birdwoodton,262
birregurra,234
bittern,1533
black hill,1337
black range,95
black rock,2111
blackburn,7322
blackburn north,2508
blackburn south,4357
blackwarry,7
blackwood,170
blairgowrie,1151
blakeville,18
blampied,54
blind bight,352
blowhard,61
bo peep,32
bobinawarrah,17
bochara,65
bogong,13
boho,42
boho south,12
boigbeat,1
boinka,3
boisdale,119
bolinda,95
bolton,1
bolwarra,169
bolwarrah,16
bona vista,35
bonang,52
bonbeach,3409
bonegilla,216
boneo,230
bonn,23
bonnie brook,1262
bonnie doon,434
bonshaw,448
bookaar,127
boola,9
boolarong,4
boolarra,444
boolarra south,39
boole poole,4
boolite,5
boomahnoomoonah,1
boonah,17
boorcan,67
boorhaman,26
boorhaman east,3
boorhaman north,32
boorolite,52
boorool,6
boort,242
boosey,44
boralma,42
bornes hill,5
boronia,21266
borung,50
bostocks creek,32
botanic ridge,1830
boundary bend,92
bowenvale,133
boweya,13
boweya north,8
bowmans forest,7
bowser,29
box hill,16796
box hill north,4173
box hill south,4294
boxwood,15
bradford,2
bradvale,14
braeside,2463
brandy creek,41
branxholme,139
bravington,4
braybrook,14525
breakaway creek,21
breakwater,2058
breamlea,88
brenanah,16
brewster,27
briagolong,419
briar hill,1114
bridge creek,39
bridgewater,167
bridgewater north,7
bridgewater on loddon,248
bright,988
brighton,12594
brighton east,6675
brim,132
brimboal,1
brimin,76
brimpaen,20
bringalbert,6
brit brit,10
broadford,4021
broadmeadows,35556
broadwater,19
brodribb river,33
broken creek,12
bromley,22
brookfield,4841
brooklyn,3559
brookville,5
broomfield,64
broughton,4
brown hill,1816
browns plains,49
bruarong,38
brucknell,14
brunswick,28296
brunswick east,9436
brunswick west,10143
bruthen,303
buangor,141
buchan,121
buchan south,77
buckland,32
buckley,56
buckley swamp,3
buckrabanyule,29
budgeree,50
budgerum east,2
buffalo,83
buffalo river,70
bulart,14
buldah,3
bulga,6
bulgana,14
bulla,1175
bullaharre,5
bullarook,63
bullarto,15
bullarto south,11
bulleen,4610
bullengarook,226
bullioh,9
bullumwaal,30
buln buln,167
buln buln east,40
bumberrah,52
bunbartha,109
bundalaguah,61
bundalong,196
bundalong south,20
bundara,1
bunding,27
bundoora,23916
bung bong,22
bungador,23
bungal,29
bungalally,82
bungaree,148
bungeet,12
bungeet west,21
bungil,1
bunguluke,9
buninyong,1469
bunkers hill,98
bunyip,1047
bunyip north,52
buragwonduc,1
burkes bridge,6
burkes flat,10
burnbank,24
burnewang,110
burnley,1548
burnside,2329
burnside heights,1847
burramboot,20
burramine,204
burramine south,7
burrowye,14
burrumbeet,255
burwood,9091
burwood east,6755
bushfield,108
bushy park,12
buxton,248
byaduk,21
byaduk north,16
byawatha,51
bylands,113
byrneside,149
cabarita,169
cabbage tree,18
cabbage tree creek,45
cadello,29
cairnlea,5128
calder park,445
caldermeade,400
california gully,4530
calivil,84
callawadda,1
callignee,94
callignee north,20
callignee south,2
calrossie,6
calulu,57
cambarville,23
camberwell,11722
cambrian hill,103
campbellfield,14115
campbells bridge,9
campbells creek,641
campbells forest,36
campbelltown,31
camperdown,2292
canadian,2124
canary island,1
caniambo,56
cann river,405
cannie,14
cannons creek,239
cannum,14
canterbury,2436
cape bridgewater,51
cape clear,101
cape conran,40
cape otway,39
cape paterson,601
cape schanck,263
cape woolamai,934
capel sound,4300
capels crossing,31
carag carag,73
caralulup,13
caramut,127
carapooee,44
carapooee west,48
carapook,7
carboor,75
cardigan,483
cardigan village,218
cardinia,375
cardross,333
cargerie,14
carina,4
caringal,17
carisbrook,798
carlisle river,72
carlsruhe,279
carlton,23737
carlton north,4874
carlyle,21
carnegie,9537
carngham,74
caroline springs,12884
carpendeit,65
carrajung,39
carrajung lower,159
carrajung south,30
carranballac,24
carron,1
carrum,4096
carrum downs,19855
carwarp,101
cashmore,61
cassilis,6
castella,87
casterton,893
castle creek,5
castle donnington,72
castlemaine,6318
catani,184
cathcart,26
cathkin,15
caulfield,3805
caulfield east,3576
caulfield north,7473
caulfield south,4870
caveat,42
cavendish,69
ceres,91
chadstone,8470
chandlers creek,13
chapel flat,6
chapple vale,24
charam,1
charlemont,919
charleroi,11
charlton,767
chatsworth,4
chelsea,6394
chelsea heights,3418
cheltenham,20423
chepstowe,36
cherokee,17
cherrypool,3
cheshunt,81
cheshunt south,6
chesney vale,42
chetwynd,40
chewton,261
chewton bushlands,23
childers,65
chillingollah,11
chiltern,645
chiltern valley,31
chinkapook,26
chintin,29
chirnside park,6905
chirrip,1
chocolyn,15
christmas hills,142
chum creek,201
churchill,6100
churchill island,5
chute,5
clarendon,56
claretown,18
clarinda,3269
clarkefield,328
clarkes hill,22
clayton,18750
clayton south,9610
clear lake,31
clematis,160
clifton creek,61
clifton hill,5614
clifton springs,1838
clonbinane,392
clover flat,2
cloverlea,66
club terrace,151
clunes,783
clyde,5259
clyde north,12030
clydebank,83
clydesdale,18
coalville,29
cobains,103
cobaw,20
cobbannah,14
cobberas,15
cobblebank,1757
cobden,856
cobram,7528
cobram east,147
cobrico,20
cobungra,23
coburg,24613
coburg north,10392
cocamba,1
cochranes creek,29
cockatoo,1946
cocoroc,92
codrington,14
coghills creek,26
cohuna,1488
coimadai,229
cokum,4
colac,11777
colac colac,10
colac east,189
colac west,216
colbinabbin,93
colbrook,7
coldstream,1070
coleraine,665
colignan,174
collingwood,21855
combienbar,29
concongella,60
condah,33
congupna,388
connewarre,233
connewirricoo,1
coojar,6
coolaroo,6304
cooma,57
coomboona,87
coomoora,52
coongulla,145
coonooer bridge,13
coonooer west,7
cooriemungle,42
cope cope,5
cora lynn,68
corack,11
corack east,4
coragulac,39
coral bank,2
corindhap,39
corinella,578
corio,25838
corndale,11
cornella,33
cornishtown,41
coronet bay,652
corop,131
cororooke,130
corringle,19
corryong,640
corunnun,17
cosgrove,22
cosgrove south,32
costerfield,27
cotswold,9
cottles bridge,174
cowa,1
cowangie,46
cowes,5255
cowleys creek,4
cowwarr,192
craigie,25
craigieburn,38273
cranbourne,32318
cranbourne east,10065
cranbourne north,13810
cranbourne south,1380
cranbourne west,10639
creek junction,9
creek view,14
creightons creek,39
cremorne,3677
cressy,146
creswick,2475
creswick north,12
crib point,2100
crooked river,8
cross roads,8
crossley,67
crossover,120
crowlands,29
croxton east,15
croydon,19311
croydon hills,900
croydon north,2414
croydon south,2371
crymelon,10
cudgee,51
cudgewa,48
culgoa,47
culla,2
cullen,46
cullulleraine,71
cundare,2
cundare north,3
curdies river,14
curdievale,24
curlewis,1456
curyo,15
dadswells bridge,80
daisy hill,99
dales creek,86
dallas,5426
dalmore,122
daltons bridge,26
dalyenong,7
dalyston,590
dandenong,78445
dandenong north,15373
dandenong south,12585
dandongadale,14
dargo,206
darley,4446
darlimurla,6
darlington,90
darnum,484
darraweit guim,257
darriman,13
dartmoor,139
dartmouth,54
dawson,25
daylesford,1920
dean,45
deans marsh,57
deanside,1036
deddick valley,9
dederang,80
deep lead,133
deepdene,766
deer park,16106
delacombe,5489
delahey,3672
delatite,4
delburn,42
delegate river,27
denicull creek,20
denison,266
dennington,639
denver,22
deptford,1
derby,18
dereel,265
dergholm,22
derrimut,6506
derrinal,63
derrinallum,142
devenish,54
devils river,24
devon meadows,750
devon north,97
dewhurst,96
dhurringile,141
diamond creek,5115
digby,38
diggers rest,3540
diggora,30
dimboola,1335
dingee,101
dingley village,4682
dingwall,53
dinner plain,72
dixie,19
dixons creek,222
dobie,216
docker,39
dockers plains,13
docklands,31636
doctors flat,3
dollar,11
don valley,366
donald,817
doncaster,15844
doncaster east,9992
donnybrook,1602
donvale,3357
dooboobetic,6
dooen,140
dookie,133
dookie college,12
doreen,9385
dorodong,25
double bridges,15
douglas,17
doveton,12133
dreeite,22
dreeite south,3
driffield,92
drik drik,5
dromana,6007
drouin,11670
drouin east,164
drouin south,245
drouin west,243
drumanure,34
drumborg,161
drumcondra,653
drummartin,19
drummond,104
drummond north,64
drung,232
dry diggings,5
drysdale,2006
duchembegarra,24
dumbalk,208
dumbalk north,27
dumosa,16
dunach,57
dundonnell,13
dunkeld,198
dunluce,9
dunneworthy,14
dunnstown,132
dunolly,626
dunrobin,16
durdidwarrah,51
durham lead,71
durham ox,30
dutson,19
dutson downs,23
dutton way,17
duverney,35
eagle point,514
eaglehawk,5068
eaglehawk north,15
eaglemont,1446
earlston,31
east bairnsdale,2794
east bendigo,2780
east geelong,3331
east melbourne,10041
east sale,12
east wangaratta,22
east warburton,274
eastern view,31
eastville,3
eastwood,1081
ebden,65
echuca,21048
echuca village,283
echuca west,72
ecklin south,92
eddington,26
eden park,309
edenhope,456
edgecombe,43
edi,36
edi upper,15
edithvale,2965
eganstown,81
eildon,774
elaine,141
eldorado,108
elevated plains,5
elingamite,3
elingamite north,29
ellaswood,64
ellerslie,45
elliminyt,844
ellinbank,97
elmhurst,69
elmore,730
elphinstone,336
elsternwick,7033
eltham,9307
eltham north,1432
elwood,9272
emerald,2098
emu,22
emu creek,58
endeavour hills,13236
enfield,155
englefield,5
enochs point,1
ensay,43
ensay north,1
eppalock,231
epping,34384
epsom,3301
ercildoune,28
erica,168
errinundra,3
eskdale,58
esmond,5
essendon,13834
essendon fields,2265
essendon north,2180
essendon west,574
eumemmerring,3012
eurack,23
eureka,594
euroa,1658
eurobin,38
evansford,69
eversley,8
everton,224
everton upper,71
exford,156
eynesbury,796
fairbank,3
fairfield,5508
fairhaven,79
fairley,7
fairy dell,35
falls creek,9
faraday,89
fawcett,27
fawkner,10506
fentons creek,2
ferguson,10
fern hill,11
fernbank,161
ferndale,27
fernihurst,24
fernshaw,6
ferntree gully,17387
ferny creek,372
fiery flat,6
fingal,343
fish creek,282
fish point,4
fiskville,21
fitzroy,27591
fitzroy north,10888
flaggy creek,40
flagstaff,283
flamingo beach,5
flemington,12346
flinders,440
flora hill,2587
flowerdale,473
flynn,108
flynns creek,13
footscray,31003
forbes,56
forest hill,6319
forge creek,143
forrest,159
foster,1076
foster north,61
fosterville,33
foxhow,16
framlingham,165
framlingham east,4
franklinford,18
frankston,75823
frankston north,9372
frankston south,6141
fraser rise,3437
freeburgh,20
frenchmans,10
freshwater creek,178
fryerstown,50
fulham,695
fumina,9
fumina south,6
fyans creek,38
fyansford,808
gaffneys creek,16
gainsborough,14
gannawarra,26
gapsted,105
gardenvale,653
garfield,673
garfield north,100
garibaldi,25
garvoc,130
gateway island,66
gatum,4
gazette,18
geelong,33125
geelong west,9215
gelantipy,4
gellibrand,86
gellibrand lower,13
gelliondale,17
gembrook,1300
genoa,44
gentle annie,57
georges creek,28
gerahmin,9
gerang gerung,107
gerangamete,51
germania,4
gerrigerrup,4
gherang,36
gheringhap,140
ghin ghin,33
giffard,29
giffard west,43
gil gil,130
gilderoy,35
gillieston,38
gipsy point,3
girgarre,404
girgarre east,62
gisborne,4905
gisborne south,363
gladfield,5
gladstone park,5245
gladysdale,101
glen alvie,36
glen creek,18
glen forbes,56
glen huntly,3329
glen iris,9971
glen park,121
glen valley,4
glen waverley,21405
glen wills,22
glenaire,23
glenaladale,30
glenalbyn,27
glenaroua,110
glenbrae,18
glenburn,246
glendaruel,6
glendonald,13
glenfalloch,1
glenfyne,36
glengarry,483
glengarry north,83
glengarry west,50
glengower,4
glenhope,25
glenhope east,23
glenisla,23
glenlee,20
glenlofty,3
glenlogie,14
glenloth,4
glenloth east,8
glenluce,19
glenlyon,133
glenmaggie,303
glenmore,15
glenorchy,109
glenormiston north,26
glenormiston south,39
glenpatrick,22
glenrowan,736
glenrowan west,25
glenroy,20193
glenthompson,99
glomar beach,19
gnarwarre,45
gnotuk,36
gobarup,44
gobur,20
golden beach,423
golden gully,282
golden point,2860
golden square,7770
goldie,23
goldsborough,28
gong gong,27
gonn crossing,25
goomalibee,23
goon nure,65
goongerah,31
gooram,43
gooramadda,38
goorambat,126
goornong,420
gooroc,1
gorae,48
gorae west,72
gordon,463
gormandale,192
goroke,111
goschen,6
goughs bay,141
goulburn weir,101
gowanbrae,807
gowanford,2
gowangardie,7
gowar east,3
gower,7
grahamvale,342
grampians,17
grand ridge,23
grangefields,2130
granite rock,80
grantville,920
granya,38
grassdale,21
grassmere,82
graytown,66
gre gre,7
gre gre north,1
gre gre south,12
great western,501
gredgwin,1
green gully,17
greendale,230
greenhill,11
greens creek,24
greensborough,14401
greenvale,7721
greenwald,18
grenville,41
greta,34
greta south,34
greta west,35
grey river,6
gringegalgona,12
gritjurk,4
grovedale,9633
gruyere,342
guildford,148
gunbower,213
gundowring,26
gunyah,4
guys forest,9
guys hill,77
gymbowen,11
haddon,352
hadfield,5583
hallam,10860
hallora,35
halls gap,506
hallston,48
hamilton,10819
hamlyn heights,3107
hampton,7175
hampton east,4769
hampton park,16778
hansonville,10
happy valley,42
harcourt,522
harcourt north,97
harkaway,476
harkness,6021
harmers haven,45
harrietville,111
harrow,58
harston,71
hastings,15315
hattah,89
havelock,47
haven,305
hawkesdale,89
hawkhurst,2
hawthorn,14288
hawthorn east,7679
hazel park,21
hazelwood,212
hazelwood north,654
hazelwood south,91
healesville,4206
heath hill,44
heathcote,2214
heathcote junction,374
heathcote south,13
heatherton,2255
heathmere,86
heathmont,3809
hedley,85
heidelberg,17141
heidelberg heights,7171
heidelberg west,11511
hensley park,15
henty,18
hepburn,114
hepburn springs,222
herne hill,1802
hernes oak,228
hesket,68
hesse,99
hexham,100
heyfield,1811
heytesbury lower,7
heywood,1224
hiamdale,8
hiawatha,17
high camp,80
highett,10145
highlands,78
highton,5986
hilgay,6
hill end,62
hillcrest,48
hilldene,122
hillside,6351
hinnomunjie,3
hmas cerberus,97
hoddles creek,226
hollands landing,30
homebush,10
homerton,5
homewood,27
hopetoun,354
hopetoun park,274
hoppers crossing,31915
hordern vale,40
horfield,30
horsham,23232
hotham heights,1
hotspur,14
howes creek,19
howitt plains,7
howqua,65
howqua hills,20
howqua inlet,70
hughesdale,4325
humevale,134
hunter,24
hunterston,8
huntingdale,1465
huntly,1683
huntly north,38
huon,76
huon creek,40
hurstbridge,1337
icy creek,15
iguana creek,12
illabarook,11
illawarra,65
illowa,65
indented head,424
indigo valley,93
inglewood,588
ingliston,67
invergordon,245
inverleigh,278
inverloch,2567
invermay,293
invermay park,730
iona,101
iraak,62
irishtown,8
ironbark,1231
irrewarra,156
irrewillipe,45
irrewillipe east,12
irymple,3432
ivanhoe,9320
ivanhoe east,1285
jacana,3003
jack river,71
jackass flat,875
jacob creek,69
jam jerrup,51
jamieson,253
jan juc,992
jancourt,17
jancourt east,86
jarklin,42
jarrahmond,35
jarvis creek,9
jeeralang,48
jeeralang junction,147
jeetho,60
jeffcott,2
jeffcott north,9
jeparit,428
jericho,2
jil jil,1
jindivick,259
joel joel,14
joel south,5
johanna,19
johnsonville,143
joyces creek,12
jumbuk,3
jumbunna,40
junction village,476
jungaburra,1
junortoun,751
kaarimba,110
kadnook,11
kalimna,728
kalimna west,192
kalkallo,2717
kalkee,38
kallista,230
kalorama,420
kalpienung,1
kamarooka,139
kanagulk,16
kancoona,10
kangaroo flat,11929
kangaroo ground,284
kaniva,510
kanumbra,17
kanya,2
kanyapella,56
karabeal,4
kardella,10
kardella south,21
kariah,76
karnak,6
karramomus,24
karyrie,5
katamatite,290
katamatite east,27
katandra,14
katandra west,173
katunga,320
kawarren,87
kealba,3073
keely,14
keilor,3088
keilor downs,6192
keilor east,6774
keilor lodge,440
keilor north,468
keilor park,2718
kellalac,21
kelvin view,9
kenley,12
kennedys creek,10
kennett river,43
kennington,4075
kensington,9563
kerang,4587
kerang east,19
kergunyah,57
kergunyah south,11
kernot,41
kerrie,72
kerrisdale,81
kevington,64
kew,14476
kew east,2580
kewell,59
keysborough,16917
kialla,4219
kialla east,59
kialla west,193
kiata,90
kiewa,131
kilcunda,222
killara,293
killarney,102
killawarra,89
killingworth,26
kilmany,124
kilmore,6166
kilmore east,320
kilsyth,6812
kilsyth south,1175
kimbolton,64
king valley,32
kinglake,700
kinglake central,134
kinglake west,452
kingower,80
kings park,4900
kingsbury,3681
kingston,44
kingsville,1971
kinnabulla,14
kinypanial,3
kirkstall,98
kirwans bridge,24
kithbrook,10
knebsworth,5
knockwood,48
knowsley,175
knoxfield,4844
koallah,4
koetong,27
kolora,49
kongwak,69
konongwootong,18
koo wee rup,2195
koo wee rup north,34
kooloonong,6
koonda,2
koondrook,370
koonoomoo,437
koonwarra,141
kooreh,27
koorlong,189
koornalla,92
kooroocheang,7
koorool,1
koorooman,19
kooyong,800
koriella,13
korobeit,12
koroit,857
korong vale,207
koroop,13
korumburra,4304
korumburra south,38
korweinguboora,49
kotta,39
kotupna,101
koyuga,181
krowera,34
kulwin,11
kunat,8
kurraca,1
kurraca west,1
kurting,33
kurunjang,6179
kyabram,6317
kyabram south,43
kyneton,5135
kyneton south,29
kyvalley,376
laanecoorie,98
laang,22
labertouche,314
laceby,101
ladys pass,31
laen east,3
laen north,3
lah,13
laharum,80
lake boga,472
lake bolac,234
lake bunga,138
lake charm,69
lake condah,3
lake eildon,65
lake eppalock,29
lake fyans,28
lake gardens,1105
lake goldsmith,43
lake lonsdale,27
lake marmal,4
lake meran,9
lake mundi,39
lake powell,32
lake rowan,25
lake tyers,58
lake tyers beach,315
lake tyrrell,1
lake wendouree,2117
lakes entrance,8815
lal lal,204
lalbert,39
lalor,14573
lamplough,56
lancaster,174
lance creek,30
lancefield,1301
landsborough,184
landsborough west,6
lang lang,1632
lang lang east,13
langdons hill,13
langi kal kal,39
langi logan,8
langkoop,9
langley,45
langsborough,85
langwarrin,10485
langwarrin south,465
lara,10195
lardner,342
larpent,59
lascelles,66
launching place,951
lauriston,48
lavers hill,81
laverton,6437
laverton north,7226
lawler,3
lawloit,17
lawrence,14
leaghur,2
learmonth,119
ledcourt,31
leichardt,47
leigh creek,191
leitchville,288
lemnos,179
leneva,254
leonards hill,15
leongatha,4966
leongatha north,32
leongatha south,171
leopold,4401
lerderderg,40
leslie manor,22
lethbridge,209
lexton,355
licola,72
licola north,3
lillico,13
lillicur,27
lillimur,64
lilliput,10
lilydale,16392
lima,10
lima east,33
lima south,66
limestone,24
lindenow,196
lindenow south,221
lindsay,2
lindsay point,6
linga,5
linton,216
liparoo,33
lismore,341
litchfield,7
little hampton,27
little river,2526
llanelly,37
llowalong,5
loch,299
loch sport,923
loch valley,27
lockington,379
locksley,88
lockwood,271
lockwood south,240
loddon vale,3
logan,24
londrigan,36
long forest,146
long gully,6088
longerenong,93
longford,562
longlea,107
longwarry,2138
longwarry north,407
longwood,83
longwood east,134
lorne,1058
lorquon,1
lovely banks,1575
lower moira,77
lower norton,39
lower plenty,1669
loy yang,29
lubeck,16
lucas,1187
lucknow,1175
lucyvale,35
lurg,37
lynbrook,4940
lyndhurst,3854
lyons,12
lyonville,25
lysterfield,2470
lysterfield south,383
macarthur,157
macclesfield,283
macedon,1237
macks creek,19
macleod,4115
macorna,43
macorna north,8
macs cove,29
madalya,9
maddingley,3013
mafeking,112
maffra,4253
maffra west upper,22
magpie,170
maiden gully,1567
maidstone,8500
mailors flat,61
main lead,10
main ridge,125
maindample,94
maintongoon,39
major plains,5
majorca,163
maldon,567
mallacoota,547
malmsbury,456
malvern,6952
malvern east,22207
mambourin,963
manangatang,228
mandurang,101
mandurang south,50
mangalore,182
manifold heights,1475
mannerim,34
mannibadar,32
manns beach,26
manor lakes,5233
manorina,8
mansfield,2973
maramingo creek,9
marcus hill,43
mardan,30
marengo,62
maribyrnong,16264
marionvale,19
markwood,74
marlbed,1
marlo,257
marnoo,73
marnoo east,11
marnoo west,7
marong,570
maroona,51
marraweeney,16
marshall,1150
marungi,69
maryborough,10053
maryknoll,111
marysville,354
maryvale,155
massey,1
matlock,15
maude,47
mccrae,1554
mcintyre,11
mckenzie creek,66
mckenzie hill,142
mckinnon,2206
mcloughlins beach,64
mcmahons creek,96
mcmillans,27
mead,35
meadow creek,11
meadow heights,11823
meatian,6
meeniyan,280
meering west,10
meerlieu,54
melbourne,219871
melbourne airport,6780
melton,21499
melton south,13971
melton west,11118
melville forest,8
melwood,14
mena park,18
mentone,8544
menzies creek,271
mepunga,91
mepunga east,19
mepunga west,11
merbein,2615
merbein south,189
merbein west,69
meredith,391
meringur,55
merino,166
mernda,12900
merriang,19
merriang south,15
merricks,43
merricks beach,43
merricks north,110
merrigum,493
merrijig,188
merrimu,169
merrinee,46
merton,104
metcalfe,45
metcalfe east,8
metung,444
mia mia,110
mickleham,7357
middle creek,32
middle park,2705
middle tarwin,26
miepoll,160
miga lake,9
milawa,116
mildura,58136
mill park,20052
millbrook,54
millgrove,883
milloo,34
milltown,76
milnes bridge,26
mincha,24
mincha west,20
miners rest,1282
mingay,6
minhamite,15
minimay,25
mininera,36
minjah,21
minmindie,6
minyip,259
miowera,1
miram,18
mirboo,113
mirboo north,1082
mirimbah,5
mirranatwa,2
mitcham,9029
mitchell park,1238
mitchellstown,46
mitiamo,98
mitre,109
mitta mitta,49
mittyack,7
mockinya,26
modella,67
modewarre,41
moe,23217
moe south,258
moggs creek,21
moglonemby,5
mokepilly,4
molesworth,75
moliagul,64
molka,23
mollongghip,14
mologa,25
molyullah,58
monbulk,1480
monegeetta,136
mongans bridge,7
monomak,3
monomeith,55
mont albert,2542
mont albert north,1316
montgomery,37
montmorency,2535
montrose,3074
moolap,2102
moolerr,10
moolort,41
moonambel,72
moondarra,75
moonee ponds,14251
moonlight flat,17
moora,27
moorabbin,11908
moorabbin airport,1474
moorabool,125
mooralla,15
moorilim,22
moormbool west,17
moornapa,3
moorngag,14
moorooduc,1057
mooroolbark,11340
mooroopna,11986
mooroopna north,233
mooroopna north west,29
moranding,50
mordialloc,8835
morgiana,1
moriac,175
mornington,20160
moroka,3
morrisons,71
morrl morrl,5
mortlake,924
morton plains,3
morwell,45425
mossiface,41
mount alfred,26
mount beauty,287
mount beckworth,4
mount best,21
mount bolton,11
mount bruno,21
mount buffalo,17
mount buller,24
mount burnett,38
mount bute,10
mount camel,51
mount cameron,4
mount clear,1960
mount cole,25
mount cole creek,5
mount cottrell,982
mount dandenong,615
mount doran,29
mount dryden,9
mount duneed,1764
mount eccles,19
mount egerton,199
mount eliza,5337
mount emu,6
mount evelyn,3753
mount franklin,21
mount glasgow,56
mount helen,1044
mount hooghly,12
mount lonarch,29
mount macedon,392
mount major,18
mount martha,4960
mount mercer,63
mount moriac,278
mount pleasant,2377
mount prospect,20
mount richmond,70
mount rowan,148
mount sabine,2
mount tassie,5
mount taylor,96
mount toolebewong,26
mount wallace,108
mount waverley,16431
mountain bay,28
mountain view,15
moutajup,35
moyhu,166
moyreisk,13
moyston,225
muckatah,99
muckleford,228
muckleford south,12
mudgegonga,12
mulgrave,15733
mumbannar,44
mundoona,21
munro,47
muntham,5
murchison,650
murchison east,314
murchison north,93
murgheboluc,53
murmungee,10
murnungin,8
murphys creek,35
murra warra,33
murrabit,86
murrabit west,29
murrawee,23
murray-sunset,2
murraydale,45
murrayville,187
murrindal,2
murrindindi,65
murroon,28
murrumbeena,4477
murtoa,666
musk,61
musk vale,20
muskerry,48
myall,23
myamyn,27
myers flat,164
myola,13
myrniong,227
myrrhee,43
myrtle creek,8
myrtlebank,98
myrtleford,2328
mysia,8
mystic park,82
mywee,4
nagambie,1688
nalangil,16
nalinga,18
nambrok,116
nandaly,21
nangana,14
nangeela,2
nangiloc,79
nanneella,251
napoleons,203
nar nar goon,788
nar nar goon north,362
narbethong,190
nareeb,16
nareen,12
nareewillock,3
nariel valley,49
naring,71
naringal,53
naringal east,34
naroghid,32
narracan,111
narraport,13
narrapumelap south,1
narrawong,165
narre warren,30609
narre warren east,215
narre warren north,3433
narre warren south,12119
narrung,4
nathalia,1235
natimuk,141
natte yallock,47
natya,6
navarre,49
navigators,107
nayook,34
neds corner,10
neereman,4
neerim,98
neerim east,84
neerim junction,66
neerim north,6
neerim south,604
neilborough,159
nelse,1
nelson,138
nerrena,54
nerrin nerrin,8
nerrina,518
nerring,2
netherby,77
neuarpurr,3
new gisborne,842
newborough,7471
newbridge,86
newbury,20
newcomb,6570
newfield,4
newham,135
newhaven,392
newington,969
newlands arm,181
newlyn,44
newlyn north,46
newmerella,301
newport,7047
newry,195
newstead,301
newtown,5735
nhill,1277
nichols point,692
nicholson,583
niddrie,2708
nilma,158
nilma north,69
ninda,4
nine mile,14
nintingbool,52
ninyeunook,5
nirranda,36
nirranda east,5
nirranda south,16
noble park,27599
noble park north,5615
noojee,277
noorat,98
noorat east,8
noorinbee,46
noorinbee north,11
noradjuha,38
norlane,22292
normanville,15
norong,53
north bendigo,3948
north blackwood,10
north geelong,7104
north melbourne,17962
north shore,1136
north wangaratta,179
north warrandyte,444
north wonthaggi,2090
northcote,17799
northwood,88
norval,14
notting hill,2202
nowa nowa,308
nowhere creek,2
nowie,15
nug nug,14
nuggetty,11
nulla vale,112
nullawarre,79
nullawarre north,29
nullawil,56
numurkah,3886
nunawading,7125
nungurner,108
nunniong,11
nurcoung,11
nurrabiel,16
nurran,9
nutfield,145
nyah,295
nyah west,632
nyarrin,1
nyerimilang,16
nyora,778
nyrraby,10
oak park,2793
oaklands junction,268
oakleigh,12637
oakleigh east,3398
oakleigh south,5327
oakvale,2
ocean grange,11
ocean grove,4738
officer,9046
officer south,263
old tallangatta,2
olinda,825
ombersley,31
omeo,247
omeo valley,13
ondit,92
orbost,3021
orford,26
ormond,3329
orrvale,468
osbornes flat,18
outtrim,80
ouyen,730
ovens,50
oxley,163
oxley flats,18
ozenkadnook,1
paaratte,24
painswick,3
pakenham,41145
pakenham south,236
pakenham upper,537
panitya,12
panmure,200
panton hill,192
paradise,49
paradise beach,133
paraparap,39
park orchards,854
parkdale,5305
parkville,8229
parwan,322
paschendale,4
pascoe vale,9841
pascoe vale south,4779
pastoria,9
pastoria east,11
patchewollock,103
patho,106
patterson lakes,5534
patyah,3
paynesville,2002
pearcedale,1613
pearsondale,70
peechelba,34
peechelba east,10
pelluebla,9
pennyroyal,11
penshurst,262
pental island,43
pentland hills,273
percydale,29
peronne,4
perry bridge,50
peterborough,135
petticoat creek,1
pheasant creek,122
piangil,112
picola,130
picola west,2
piedmont,28
pier milan,11
pigeon ponds,4
piggoreet,3
pimpinio,114
pine grove,17
pine lodge,118
pine mountain,2
pioneer bay,274
pipers creek,21
pira,6
piries,36
pirron yallock,60
pitfield,20
pittong,14
plenty,1038
plumpton,130
point cook,24011
point leo,49
point lonsdale,736
point wilson,92
pomborneit,34
pomborneit east,15
pomborneit north,13
pomonal,58
pompapiel,39
poolaijelo,9
pootilla,61
poowong,260
poowong east,40
poowong north,78
porcupine ridge,21
porepunkah,320
port albert,252
port campbell,261
port fairy,1504
port franklin,53
port melbourne,22797
port welshpool,184
portarlington,1870
portland,12322
portland north,280
portland west,158
portsea,700
pound creek,23
powelltown,132
powers creek,4
powlett plains,17
prahran,26825
prairie,22
pranjip,11
preston,54812
princes hill,2033
princetown,157
puckapunyal,188
pura pura,18
purdeet,2
purnim,122
purnim west,7
pyalong,525
pyramid hill,395
quambatook,214
quandong,81
quantong,74
quarry hill,1460
queenscliff,855
raglan,157
rainbow,268
ranceby,29
rathscar,20
rathscar west,5
ravenhall,4856
ravenswood,360
ravenswood south,81
rawson,238
raymond island,166
raywood,235
red cliffs,3654
red hill,377
red hill south,141
red lion,51
redan,4691
redbank,60
redcastle,61
redesdale,140
reedy creek,83
reedy dam,10
reedy flat,2
reedy lake,40
reefton,75
research,744
reservoir,48088
rheola,43
rhyll,239
rhymney,16
riachella,2
rich avon east,2
rich avon west,5
richmond,41885
richmond plains,1
riddells creek,1449
riggs creek,10
ringwood,32863
ringwood east,6289
ringwood north,2331
ripplebrook,107
rippleside,954
ripponlea,1090
riverside,128
riverslea,48
robertsons beach,92
robinvale,3536
rochester,2075
rochford,36
rockbank,2427
rocklands,12
rocklyn,16
rocky point,4
rokeby,49
rokewood,209
rokewood junction,35
romsey,1877
rosanna,3383
rose river,36
rosebery,7
rosebrook,36
rosebud,16175
rosedale,2161
roses gap,3
rosewhite,26
roslynmead,24
ross creek,272
rossbridge,7
rowsley,131
rowville,16655
roxburgh park,13112
rubicon,62
ruby,57
ruffy,15
running creek,10
runnymede,43
rupanyup,307
rushworth,1048
russells bridge,12
rutherglen,1138
ryanston,44
rye,6714
rythdale,20
safety beach,2386
sailors falls,22
sailors gully,306
sailors hill,19
sale,23755
salisbury west,29
samaria,30
san remo,982
sandford,149
sandhill lake,9
sandhurst,1263
sandon,20
sandringham,6704
sandy creek,89
sandy point,117
sarsfield,191
sassafras,317
sawmill settlement,32
scarsdale,290
scoresby,5183
scotchmans lead,6
scotsburn,93
scotts creek,81
sea lake,282
seabrook,1911
seacombe,19
seaford,21958
seaholme,926
seaspray,329
seaton,80
seaview,19
sebastian,124
sebastopol,12325
seddon,3060
sedgwick,83
selby,364
selwyn,4
separation creek,13
serpentine,231
serviceton,78
seville,1137
seville east,271
seymour,13797
shady creek,114
she oaks,44
sheans creek,5
sheep hills,18
shelbourne,128
shelford,76
shelley,8
shepherds flat,72
shepparton,61912
shepparton east,743
shepparton north,833
sherbrooke,96
shoreham,174
sidonia,2
silvan,596
silverleaves,82
simpson,147
simpsons creek,9
simson,26
skenes creek,97
skenes creek north,16
skibo,12
skinners flat,19
skipton,252
skye,3998
slaty creek,25
smeaton,65
smiths beach,140
smiths gully,41
smokeytown,11
smoko,8
smythes creek,1084
smythesdale,566
snake valley,358
soldiers hill,2985
somers,654
somerton,2567
somerville,6052
sorrento,1641
south dudley,465
south geelong,3347
south kingsville,840
south melbourne,24747
south morang,11856
south purrumbete,35
south wharf,3053
south yarra,30281
southbank,36764
southern cross,8
spargo creek,31
speed,48
spotswood,2796
spring gully,1217
spring hill,66
springbank,46
springdallah,10
springfield,88
springhurst,255
springmount,33
springvale,25993
springvale south,6677
st albans,39224
st albans park,2075
st andrews,316
st andrews beach,288
st arnaud,2274
st arnaud east,40
st arnaud north,19
st clair,21
st germains,67
st helena,786
st helens,3
st helens plains,40
st james,91
st kilda,43794
st kilda east,7990
st kilda west,2866
st leonards,1791
staceys bridge,32
staffordshire reef,57
staghorn flat,28
stanhope,629
stanley,67
staughton vale,28
stavely,4
stawell,6702
steels creek,60
steiglitz,39
stewarton,46
stockdale,34
stockyard hill,28
stonehaven,42
stoneleigh,14
stony creek,119
stonyford,44
stradbroke,119
strangways,20
stratford,1281
strath creek,104
strathallan,119
strathbogie,90
strathdale,3428
strathdownie,59
strathewen,46
strathfieldsaye,1635
strathkellar,8
strathlea,10
strathmerton,756
strathmore,3735
strathmore heights,434
strathtulloh,1984
streatham,40
strzelecki,69
stuart mill,58
sugarloaf,6
sugarloaf creek,79
suggan buggan,90
sulky,56
summerlands,36
sunbury,27678
sunday creek,249
sunderland bay,102
sunset strip,310
sunshine,29949
sunshine north,12633
sunshine west,13698
surf beach,254
surrey hills,4095
sutherland,8
sutherlands creek,54
sutton,1
sutton grange,48
swan bay,26
swan hill,16169
swan hill west,4
swan island,5
swan marsh,69
swan reach,423
swanpool,76
swanwater,2
swifts creek,117
sydenham,5425
sylvaterre,3
tabilk,97
tabor,8
taggerty,195
tahara,15
tahara bridge,9
tahara west,2
talbot,321
talgarno,42
tallandoon,25
tallangatta,533
tallangatta east,3
tallangatta south,24
tallangatta valley,28
tallarook,1000
tallygaroopna,349
tambo crossing,2
tambo upper,69
tamboon,17
tamboritha,1
taminick,40
tamleugh,27
tamleugh north,10
tandarook,10
tandarra,8
tangambalanga,228
tanjil,8
tanjil bren,18
tanjil south,218
tanwood,10
tanybryn,15
taradale,165
tarcombe,9
tarilta,8
tarnagulla,86
tarneit,23685
tarnook,22
taroon,8
tarra valley,29
tarranyurk,31
tarraville,99
tarrawarra,19
tarrawingee,63
tarrayoukyan,3
tarrengower,7
tarrington,45
tarrone,29
tarwin,11
tarwin lower,235
tatong,51
tatura,2705
tatura east,70
tatyoon,39
tawonga,49
tawonga south,67
taylor bay,44
taylors hill,4019
taylors lakes,13308
teal point,17
tecoma,981
teddywaddy,7
teddywaddy west,1
teesdale,251
telangatuk east,7
telford,13
telopea downs,33
templestowe,5135
templestowe lower,4596
tempy,25
tenby point,76
tennyson,16
terang,1561
terip terip,14
terrappee,2
terrick terrick,5
terrick terrick east,12
tesbury,14
tetoora road,22
thalia,2
the basin,2416
the cove,2
the gurdies,104
the heart,17
the honeysuckles,70
the patch,168
the sisters,41
thologolong,4
thomastown,23909
thomson,3073
thoona,30
thornbury,14697
thornhill park,2170
thornton,278
thorpdale,239
thorpdale south,30
thowgla valley,8
three bridges,104
timbarra,2
timboon,551
timboon west,4
timmering,150
timor,72
timor west,21
tinamba,166
tinamba west,19
tintaldra,39
tittybong,1
tol tol,59
tolmie,122
tom groggin,1
tongala,1138
tonghi creek,3
tongio,29
tonimbuk,91
tooan,8
tooborac,258
toolamba,324
toolamba west,45
toolangi,145
toolern vale,727
toolleen,124
toolondo,63
toolong,19
toombon,8
toongabbie,429
toora,574
toora north,56
tooradin,1402
toorak,8240
toorloo arm,473
toorongo,3
tootgarook,2896
torquay,6042
torrita,9
torrumbarry,231
torwood,30
tostaree,18
tottenham,1388
tourello,23
towan,22
towaninny south,1
tower hill,72
towong,25
towong upper,4
trafalgar,3709
trafalgar east,270
trafalgar south,84
tragowel,69
traralgon,40557
traralgon east,1861
traralgon south,138
travancore,1481
trawalla,141
trawool,90
traynors lagoon,26
tremont,120
trentham,416
trentham east,50
tresco,150
tresco west,51
trida,30
truganina,17833
tubbut,30
tuerong,347
tulkara,2
tullamarine,12155
tungamah,215
turoar,2
turriff,4
turriff east,1
turtons creek,47
tutye,3
tyaak,18
tyabb,1702
tyers,464
tylden,176
tynong,285
tynong north,311
tyntynder,114
tyntynder south,90
tyrendarra,82
tyrendarra east,7
tyrrell downs,4
ullina,8
ullswater,21
ultima,134
ulupna,15
undera,258
underbool,79
upotipotpon,24
upper ferntree gully,2536
upper gundowring,10
upper lurg,40
upper plenty,197
upper ryans creek,16
upton hill,3
upwey,2437
valencia creek,48
vasey,8
vaughan,11
vectis,113
ventnor,483
venus bay,553
vermont,3466
vermont south,4991
vervale,25
vesper,48
victoria point,2
victoria valley,29
viewbank,1816
vinifera,56
violet town,378
vite vite,9
vite vite north,2
w tree,7
waaia,161
waanyarra,14
waarre,11
wabonga,6
waggarandall,4
wahgunyah,391
wahring,133
wail,61
wairewa,38
waitchie,7
wal wal,20
waldara,59
walhalla,63
walkerville,118
walkerville north,3
walkerville south,6
wallace,107
wallacedale,25
wallagaraugh,3
wallaloo,4
wallaloo east,13
wallan,12540
wallinduc,44
wallington,407
wallup,25
walmer,96
walpa,56
walpeup,43
walwa,85
wandana heights,642
wandella,18
wandiligong,107
wandin east,138
wandin north,1061
wando bridge,2
wando vale,74
wandong,1424
wangandary,54
wangarabell,5
wangaratta,22077
wangaratta south,431
wangoom,83
wannon,43
wantirna,7527
wantirna south,17136
waranga shores,255
waratah bay,24
warburton,1260
wareek,21
wargan,94
warmur,4
warncoort,52
warneet,199
warrabkook,4
warracknabeal,2149
warragul,19031
warragul south,49
warragul west,25
warrak,75
warrandyte,1504
warrandyte south,138
warranwood,699
warrayure,8
warrenbayne,133
warrenheip,1252
warrenmang,10
warrion,43
warrnambool,32374
warrock,2
warrong,14
wartook,33
watchem,116
watchem west,11
watchupga,12
waterford park,200
waterholes,17
waterloo,86
waterways,725
watsonia,4655
watsonia north,1129
watsons creek,27
wattle bank,58
wattle creek,1
wattle flat,24
wattle glen,523
wattle hill,2
waubra,184
waurn ponds,2677
waygara,20
weatherboard,13
wedderburn,867
wedderburn junction,11
wee wee rup,14
weeaproinah,4
weering,16
weerite,30
wehla,29
weir views,2589
wellsford,104
welshmans reef,31
welshpool,181
wemen,59
wendouree,16256
wensleydale,36
werneth,54
werona,6
werribee,47806
werribee south,2051
werrimull,64
wesburn,456
west bendigo,509
west creek,25
west footscray,7399
west melbourne,11876
west wodonga,10054
westbury,32
westby,4
westmeadows,5262
westmere,37
whanregarwen,23
wharparilla,123
wheatsheaf,78
wheelers hill,6993
whipstick,45
whirily,3
white hills,2662
whiteheads creek,196
whitelaw,15
whitfield,114
whitlands,14
whittington,5421
whittlesea,3708
whoorel,6
whorouly,105
whorouly east,18
whorouly south,4
whroo,81
wickliffe,39
wilby,85
wild dog valley,74
wildwood,263
willangie,5
willatook,4
willaura,293
willaura north,13
willenabrina,2
williams landing,4642
williamstown,10922
williamstown north,1673
willow grove,300
willowmavin,49
willowvale,2
willung,38
willung south,44
wilsons hill,12
wilsons promontory,126
wimbledon heights,186
winchelsea,1261
winchelsea south,31
windermere,100
windsor,10480
wingan river,15
wingeel,9
winjallok,4
winlaton,5
winnap,8
winnindoo,54
winslow,94
winter valley,1823
winton,196
winton north,36
wirrate,5
wiseleigh,60
wodonga,25267
wollert,8269
wombat creek,44
wombelano,6
won wron,85
wonga,29
wonga park,865
wongarra,12
wongungarra,1
wonnangatta,4
wonthaggi,8563
wonwondah,34
wonyip,47
wood wood,42
woodend,2709
woodend north,91
woodfield,24
woodford,73
woodglen,30
woodhouse,5
woodleigh,92
woods point,106
woodside,260
woodside beach,53
woodstock,152
woodstock on loddon,20
woodstock west,16
woodvale,360
wool wool,3
woolamai,120
woolenook,4
woolshed flat,3
woolsthorpe,83
woomelang,97
wooragee,57
woorarra east,37
woorarra west,9
wooreen,9
woori yallock,1394
woorinen,164
woorinen north,47
woorinen south,180
woorndoo,58
wooroonook,17
woosang,12
wootong vale,16
wuk wuk,39
wulgulmerang,4
wulgulmerang east,6
wunghnu,239
wurdiboluc,32
wurruk,1127
wy yung,931
wycheproof,232
wycheproof south,3
wychitella,35
wychitella north,3
wye river,92
wyelangta,6
wyndham vale,11533
wyuna,221
wyuna east,64
yaapeet,84
yabba north,48
yabba south,3
yackandandah,270
yalca,90
yalla-y-poora,1
yallambie,1353
yallourn,215
yallourn north,1640
yalmy,10
yambuk,82
yambuna,74
yan yean,223
yanac,24
yanakie,76
yando,2
yandoit,31
yandoit hills,7
yangery,29
yannathan,113
yapeen,20
yarck,95
yarpturk,21
yarra glen,1295
yarra junction,1504
yarraberb,7
yarragon,1783
yarragon south,51
yarram,2509
yarrambat,525
yarraville,9435
yarrawalla,28
yarrawonga,4825
yarrawonga south,2
yarroweyah,255
yatchaw,1
yea,1048
yellingbo,250
yelta,172
yendon,76
yeo,51
yeodene,30
yering,126
yeungroon,2
yeungroon east,3
yielima,53
yinnar,428
yinnar south,207
youanmite,12
youarang,33
yulecart,30
yundool,7
yuroke,157
yuulong,8
zeerust,149
zumsteins,6
